,market,city,date,time,zip,available,description,sold_out,crowdedness,maskness,contributor,remark,timestamp,A,B
0,Safeway,Santa Clara,3/22/2020,09:00 - 12:00,95051,牛肉，鸡肉，蔬菜，水果，牛奶,有货的商品库存充足，但是肉拿走得比较快,鸡蛋/厕纸/厨房纸/消毒用品,3,3,ZSY,,3/22/2020 17:01:30,,
1,99 Ranch (大华),Cupertino,3/21/2020,09:00 - 12:00,,大部分,,,3,4,,,3/22/2020 16:51:44,,
2,Costco,Sunnyvale,3/22/2020,09:00 - 12:00,,Most of items ,,面粉/酵母/泰国香米,2,3,,牛奶 鸡蛋 鸡肉 限购一件,3/22/2020 16:50:33,,
3,99 Ranch (大华),Cupertino,3/22/2020,12:00 - 15:00,95014,鸡蛋/蔬菜/肉/米,充足,无,3,2,,,3/22/2020 16:48:48,,
4,H Mart,Cupertino,3/22/2020,12:00 - 15:00,95014,各类肉/火锅肉片/蔬菜/矿泉水,充足,鸡蛋/rice beverage,2,3,,,3/22/2020 16:47:28,,
5,99 Ranch (大华),Mountain View,3/22/2020,09:00 - 12:00,,鸡蛋 各种蔬菜水果,挂面 杂粮等剩的不多了,牛奶 豆浆,4,4,,,3/22/2020 16:16:03,,
6,Costco,Mountain View,3/22/2020,09:00 - 12:00,,鸡蛋 牛奶 卫生纸 clorox wipe 面粉 比较一般的米 各种蔬菜水果,需要排队进店 各种产品都有一些 但是摆的不多 不知道是不是还有库存没拿出来,,3,3,,排了大约十分钟进店 比较有秩序,3/22/2020 16:14:55,,
7,Lion Market,Saratoga,3/22/2020,09:00 - 12:00,,疏菜，葱，香菜，泡面，肉，豆腐，豆干等，大部分都有,充足,蛋，牛奶,2,4,,,3/22/2020 16:05:25,,
8,Sprout,Santa Clara,3/22/2020,09:00 - 12:00,,"Water, milk, meat, vegetable, fruit",plenty,paper product,1,3,,,3/22/2020 14:35:12,,
9,Walmart,Saratoga,3/22/2020,09:00 - 12:00,,廁紙，蛋，麵包等民生用品均有,算充足,9:15開始方法廁紙,3,2,,廁紙只有一個牌子 排隊發送,3/22/2020 13:35:37,,
10,Costco,Mountain View,3/22/2020,09:00 - 12:00,,大部分都有货，包括厕纸厨房纸,,hand sanitizer,2,3,姜小白,,3/22/2020 13:21:30,,
11,Costco,North San Jose,3/22/2020,09:00 - 12:00,,厕纸，纸巾，厨房纸，牛奶，鸡蛋，肉类,充足,基本都有，没看大米,3,3,,限流，等开门需要排队15分钟,3/22/2020 13:18:53,,
12,99 Ranch (大华),Cupertino,3/21/2020,15:00 - 18:00,,各式都齊 米 麵粉  水果 蔬菜 泡麵 衛生紙🧻也補貨了,,,2,4,,除了口罩還有很多人戴了手套,3/22/2020 13:16:01,,
13,Sprout,Sunnyvale,3/22/2020,06:00 - 09:00,94086,蔬菜水果坚果非常全,比较全,鸡蛋/酸奶,1,3,Xue,,3/22/2020 11:54:27,,
14,Lucky,Sunnyvale,3/22/2020,06:00 - 09:00,94086,蔬菜水果,鸡蛋牛奶比较少,,1,1,Xue,,3/22/2020 11:53:08,,
15,99 Ranch (大华),North San Jose,3/21/2020,15:00 - 18:00,95131,肉，零食，米都有,,,3,3,,,3/22/2020 3:53:55,,
16,Costco,North San Jose,3/21/2020,15:00 - 18:00,95131,肉，鸡蛋，牛奶充足，LIMIT 1,,,3,3,,,3/22/2020 3:52:49,,
17,Walmart,Saratoga,3/21/2020,12:00 - 15:00,,toilet paper基本都有,充足,口罩之类的,3,2,md,,3/22/2020 3:18:48,,
18,Costco,North San Jose,3/21/2020,12:00 - 15:00,,"Egg, fruits, meats, vegetables, brown/white rice(cooked) ",没去看厕纸，没有面粉，和大袋大米。蔬菜水果肉挺多的,面粉,3,3,,,3/22/2020 0:16:00,,
19,Safeway,Santa Clara,3/20/2020,12:00 - 15:00,,牛奶 蔬菜 水果 肉类 鸡蛋很少,,,3,2,,,3/22/2020 0:04:24,,
20,Costco,Santa Clara,3/21/2020,09:00 - 12:00,,"牛奶, 鸡蛋，蔬菜，猪肉，牛肉，水",库存足,厕纸/厨房纸/纸巾/消毒纸巾,2,3,TRB,,3/21/2020 23:35:27,,
21,Costco,Fremont,3/21/2020,12:00 - 15:00,,蛋、奶、水、肉品、水果、零食、米、油.....,,廚房紙巾、厠所紙 。,3,3,,生鮮每人限購一份,3/21/2020 22:28:41,,
22,Safeway,Santa Clara,3/21/2020,15:00 - 18:00,95050,奶，桶装水（3.79L）水果蔬菜,充足,普通面粉/砂糖（只有小袋装）/消毒纸巾喷雾,3,2,,,3/21/2020 22:25:55,,
23,Walmart,Fremont,3/21/2020,03:00 - 06:00,94539,"Toilet paper, Milk, 青菜、水果、麵包、瓶裝水","廁紙補貨中,少量庫存；食物充足",酒精,2,2,,,3/21/2020 21:48:08,,
24,Safeway,Sunnyvale,3/21/2020,12:00 - 15:00,94087,瓶装水、鸡蛋、牛奶、肉类、蔬菜、水果,瓶装水限购两箱,卷筒纸/面粉/白糖/意面/番茄类罐头,2,2,franklinyu,,3/21/2020 20:29:20,,
25,Trader Joe,Los Altos,3/21/2020,09:00 - 12:00,94024,"Milk, egg, water, vegetables, fruits, bread, meat",OK,Only 2~3 types of pasta noodles available,2,2,,,3/21/2020 20:08:02,,
26,H Mart,North San Jose,3/21/2020,12:00 - 15:00,95132,蔬菜水果类都有，豆腐限购两盒，肉和蛋基本没有了,不是很乐观,,3,4,,,3/21/2020 19:48:55,,
27,Lucky,San Jose ,3/21/2020,15:00 - 18:00,95136,"Milk, egg, water, vegetables, fruits, bread, ",Plenty,"Paper towel, battery",2,1,,,3/21/2020 19:42:59,,
28,99 Ranch (大华),Cupertino,3/21/2020,15:00 - 18:00,,衛生紙，蛋，肉，蔬菜，水果，米， 泡麵 ，牛奶,充足,"ginger, Broccoli",3,5,,,3/21/2020 19:36:43,,
29,Costco,Sunnyvale,3/21/2020,12:00 - 15:00,,牛肉 海鮮 蔬菜 水,,雞肉/廁所紙,2,4,,,3/21/2020 19:23:35,,
30,99 Ranch (大华),Cupertino,3/21/2020,15:00 - 18:00,,各式都齊 米 麵粉  水果 蔬菜 泡麵 衛生紙🧻也補貨了,,,2,4,,除了口罩還有很多人戴了手套,3/21/2020 19:10:14,,
31,Costco,Santa Clara,3/21/2020,09:00 - 12:00,95054,牛肉，羊肉，猪肉，海鲜，鸡蛋，牛奶，蔬菜，水果,基本都有货,各种鸡肉，部分蔬菜（姜，squash），纸，洗手液，消毒液,2,4,SS,早上去要排队大概15-30分钟，店内限制人流量,3/21/2020 19:05:33,,
32,Trader Joe,Sunnyvale,3/21/2020,09:00 - 12:00,94085,食品饮料肉类都有货。需要注意的是trader joes现在限流，门口排队（每人间隔6ft）店内限制进入人数。,,,1,3,Flora,,3/21/2020 18:55:41,,
33,99 Ranch (大华),Mountain View,3/21/2020,15:00 - 18:00,,"Eggs, toilet papers",Full,,4,4,,,3/21/2020 18:49:07,,
34,Costco,North San Jose,3/21/2020,09:00 - 12:00,,蛋、奶,,消毒纸巾/米（只有印度米、黑米）/面粉,2,3,Jay,,3/21/2020 18:23:23,,
35,Costco,Sunnyvale,3/21/2020,00:00 - 03:00,,大米，鸡蛋、牛奶、肉类、洗手液,各式大米很多，鸡蛋牛奶限购一份，肉类充足但限购，婴儿纸尿布附近有洗手液,面粉、纸制品、酒精、消毒湿巾、一次性手套,2,3,Jessie,,3/21/2020 18:05:30,,
36,99 Ranch (大华),Milpitas,3/21/2020,12:00 - 15:00,95134,蔬菜 肉类 方便面 螺蛳粉 鸡蛋牛奶牌子有限但数量充足,,,2,4,,,3/21/2020 17:44:39,,
37,99 Ranch (大华),Mountain View,3/21/2020,09:00 - 12:00,,绿叶蔬菜(江青菜 豆苗 芥兰等)挺全的 鸡蛋 肉类,,好像没见到牛奶,3,4,,,3/21/2020 17:06:38,,
38,99 Ranch (大华),Mountain View,3/21/2020,12:00 - 15:00,,除了牛奶和水 其他都充足,,水 奶,1,4,,,3/21/2020 17:01:27,,
39,Trader Joe,Mountain View,3/20/2020,15:00 - 18:00,,幾乎都有 每人每項限購兩項,同類商品只有少數幾個特定選項無貨,吐司種類每樣都滿多 但偏偏我特地去買的  french brioche 全空...,2,3,,需要排隊 但沒有排很多 排隊距離都有6 feet 員工會在入口處噴手推車和籃子 有管制所以裡面人不多 不太需要跟別人擦肩,3/21/2020 17:01:22,,
40,Costco,North San Jose,3/21/2020,09:00 - 12:00,,除了鸡肉，所有商品基本都有。牛奶，鸡蛋，limit 1,,,3,3,,,3/21/2020 16:56:16,,
41,Walmart,Mountain View,3/21/2020,12:00 - 15:00,,矿泉水，蛋/奶（有机较少，非有机很多）,,,3,2,,,3/21/2020 16:53:18,,
42,99 Ranch (大华),Cupertino,3/21/2020,09:00 - 12:00,,速冻饺子，蔬果肉类，非有机鸡蛋,,有机鸡蛋，牛奶（包括非有机）,3,5,,,3/21/2020 16:51:22,,
43,Nob Hill,South San Jose,3/21/2020,09:00 - 12:00,95123,各种肉类蔬菜鸡蛋供应充足,食物部门与平时无异,未检查厕纸洗手液,2,2,tangw,供应充足，不必紧张。,3/21/2020 16:38:07,,
44,99 Ranch (大华),Milpitas,3/21/2020,09:00 - 12:00,95134,牛奶，肉，鸡蛋都有，种类有限。蔬菜和大米充足。,,鸡胸肉,3,4,chen_0_1987,,3/21/2020 16:06:39,,
45,Whole Foods,Cupertino,3/21/2020,09:00 - 12:00,,蔬菜水果鸡蛋(限购2盒）奶，肉,缺货,,3,3,,,3/21/2020 15:13:03,,
46,Costco,Sunnyvale,3/21/2020,09:00 - 12:00,94085,平时有的都有,库存很充足,厨房纸，厕纸，洗手液，消毒湿巾,3,3,,早上去要排队但是很快，据工作人员，近两天应该买不到纸巾。,3/21/2020 15:12:25,,
47,Trader Joe,West San Jose,3/21/2020,09:00 - 12:00,,"Toilet Paper, Kitchen towel 清潔噴霧",紙類格非全滿,部分義大利麵,3,3,,有限流 9點多到排了約40分鐘,3/21/2020 15:10:42,,
48,Safeway,San Francisco Area,3/21/2020,12:00 - 15:00,94112,卫生纸 面包,,鸡蛋,1,1,,,3/21/2020 14:54:42,,
49,Costco,Santa Clara,3/21/2020,09:00 - 12:00,,牛奶 鸡蛋 水 牛肉 货架基本满,充足,消毒湿巾 猪肉,3,2,,,3/21/2020 13:41:22,,
50,Target,Cupertino,3/21/2020,09:00 - 12:00,95014,Toilet Paper,,,2,2,,,3/21/2020 12:39:54,,
51,Walmart,Mountain View,3/21/2020,06:00 - 09:00,94040,常规蛋奶水食物，特殊：辛拉面，lysol all cleaner，Clorox spray， 橡胶手套,特殊防疫类补货不多，早上开门就去，消毒类在F28库存10来个，手套F7库存20多盒,厕纸，酒精，消毒wipe，喷雾,3,2,,,3/21/2020 12:39:35,,
52,Costco,Sunnyvale,3/21/2020,09:00 - 12:00,,食物，水，牛奶,,衞生紙/廚房紙巾,3,3,,,3/21/2020 12:05:53,,
53,99 Ranch (大华),Cupertino,3/20/2020,18:00 - 21:00,95014,蛋，肉，蔬菜，水果，米，面,,牛奶,1,4,,,3/21/2020 11:31:47,,
54,Costco,Mountain View,3/20/2020,03:00 - 06:00,,大米，肉，牛奶,鸡肉类只有organic鸡翅，其它肉类品种较齐,鸡蛋/pasta/一次性手套/消毒水,2,2,,牛奶，鸡蛋，大米限购一件。买鸡蛋的话早点去。看到早上信息分享有鸡蛋，大约六点去到已经卖完了,3/21/2020 4:34:59,,
55,99 Ranch (大华),Cupertino,3/20/2020,15:00 - 18:00,,米，方便面，部分肉类，水果,,,2,4,,,3/21/2020 3:37:36,,
56,Costco,North San Jose,3/20/2020,09:00 - 12:00,95132,Clorox ,,,3,3,,,3/21/2020 1:31:53,,1
57,99 Ranch (大华),North San Jose,3/20/2020,09:00 - 12:00,95131,水果蔬菜齐全，有机牛奶，肉海鲜,充足,八角,3,4,Eva Yao,,3/21/2020 1:26:49,,1
58,Costco,Mountain View,3/20/2020,12:00 - 15:00,,Paper towel 肉蛋奶都有,,厕纸和消毒用品,2,3,,,3/21/2020 1:22:03,,1
59,Costco,Sunnyvale,3/20/2020,18:00 - 21:00,,除了消毒产品卫生纸其他都有,有限购，禽类不太多,消毒产品/卫生纸,2,2,,,3/21/2020 0:32:35,,1
60,Whole Foods,Los Altos,3/20/2020,15:00 - 18:00,94022,"Egg, Milk, Meat, Bread, Seafood, veggie, fruit, ",Medium to high,Pasta,3,3,,,3/21/2020 0:31:55,,1
61,Costco,Mountain View,3/20/2020,15:00 - 18:00,,大多数商品,,鸡腿/鸡蛋/有机牛肉馅,2,3,,cashier说这几天开门后一两个小时就没那么多人了,3/21/2020 0:02:10,,1
62,Costco,Sunnyvale,3/20/2020,09:00 - 12:00,94086,肉蛋奶，水果蔬菜，厕所纸，厨房纸，瓶装水,库存很多，鸡肉，蛋，奶，厕所纸，厨房纸限购每人一份,,2,2,,超市限流，需在店外排队进入，门口发放消毒纸巾,3/20/2020 23:47:14,,0
63,99 Ranch (大华),Mountain View,3/20/2020,18:00 - 21:00,94041,各种肉 菜 冷冻食品 牛奶 面 鸡蛋,少量牛奶 面 鸡蛋,,3,4,,,3/20/2020 23:13:53,,0
64,Costco,Sunnyvale,3/20/2020,15:00 - 18:00,,生鮮食物幾乎都有，沒有雞腿,,衛生紙/廚房紙巾/乾洗手/雞腿(雞肉只剩雞翅),3,2,,,3/20/2020 23:04:18,,0
65,Safeway,Santa Clara,3/20/2020,09:00 - 12:00,95050,蔬菜，水果，鸡蛋，奶,鸡蛋不多且限购,纸,3,1,,,3/20/2020 23:03:20,,0
66,Safeway,Mountain View,3/20/2020,15:00 - 18:00,,水果，蔬菜，猪肉，牛肉，牛奶,,鸡蛋，鸡肉,2,2,,,3/20/2020 21:13:20,,0
67,99 Ranch (大华),Mountain View,3/20/2020,15:00 - 18:00,94040,牛奶，鸡蛋，面条，蔬菜水果，肉类,牛奶鸡蛋足够但不多，别的货品很充足,维他柠檬茶,2,4,,,3/20/2020 21:09:26,,0
68,Costco,Sunnyvale,3/20/2020,15:00 - 18:00,,鸡蛋，牛奶，面粉，大米，蔬菜，水果，豆腐，药，尿布，baby wipe,挺多的,纸巾，厕纸，消毒用品，手套，生姜,2,3,,,3/20/2020 20:46:09,,0
69,99 Ranch (大华),Cupertino,3/20/2020,15:00 - 18:00,,米，蔬菜水果,,干豆腐丝,2,3,,,3/20/2020 20:44:17,,0
70,Costco,North San Jose,3/20/2020,15:00 - 18:00,,基本都有，消毒纸巾，水，方便面，,,厕纸，米，面粉,2,4,,,3/20/2020 20:31:22,,0
71,Costco,Sunnyvale,3/20/2020,15:00 - 18:00,,米，油，酒精纸都有，鸡蛋牛奶限购1个,还有不少,厕纸，厨房纸,2,3,,,3/20/2020 20:13:02,,0
72,H Mart,West San Jose,3/20/2020,15:00 - 18:00,,egg/meet/frozen food/veggie,,,2,2,,,3/20/2020 20:00:29,,0
73,Costco,Sunnyvale,3/20/2020,15:00 - 18:00,94086,足,"足, 入场无队伍。 有两层的蛋。",Sanitizer ,2,1,Yakima ,,3/20/2020 19:35:48,,0
74,99 Ranch (大华),Milpitas,3/20/2020,15:00 - 18:00,,鸡蛋牛奶蔬菜水果都很充足,,火锅牛肉羊肉片，牛肉总体不多,2,4,,,3/20/2020 19:33:49,,0
75,Marina Food（永和）,Cupertino,3/20/2020,12:00 - 15:00,95014,马蹄粉/牛奶/大米/挂面,,小麦淀粉/土豆淀粉,2,4,franklinyu,,3/20/2020 19:24:06,,0
76,Target,Santa Clara,3/20/2020,12:00 - 15:00,95050,部分冷冻食品，牛奶，面包，罐头食品,中等,鸡蛋，土豆，冷冻披萨只有少量,3,1,,,3/20/2020 19:14:33,,0
77,Grocery outlet ,Willow Glen,3/20/2020,15:00 - 18:00,95124,"Fruits, frozen meat, bread, hand soap, milk, eggs",Plenty. Except for bread. Limit 2 for bread and milk,Paper towel ,1,2,,,3/20/2020 18:44:10,,0
78,99 Ranch (大华),Cupertino,3/20/2020,12:00 - 15:00,95014,肉类/米/挂面/油/淀粉类/面粉类/养乐多/蔬菜/水果,,牛奶/鸡蛋/火锅肥牛片,2,4,franklinyu,,3/20/2020 18:38:28,,0
79,Costco,Sunnyvale,3/20/2020,15:00 - 18:00,,鸡蛋 面粉 牛奶 豆腐 水果蔬菜 ,鸡蛋 牛奶 面粉 豆腐 limit 1。库存充足 ,Paper towel/ toilet paper/ ginger root,4,3,聪@FDU,,3/20/2020 18:33:53,,0
80,H Mart,West San Jose,3/20/2020,09:00 - 12:00,95129,基本都有,牛奶比较少 大白菜比较少 有些调理没有了,厕所纸/鸡蛋/袋装辛拉面,2,4,Jessica,,3/20/2020 18:24:18,,0
81,Costco,Fremont,3/20/2020,12:00 - 15:00,,Toilet paper ,,,2,2,,,3/20/2020 18:19:57,,0
82,99 Ranch (大华),Milpitas,3/20/2020,12:00 - 15:00,,米 醬料 泡麵 冷凍水餃,青菜有些種類存貨較少 但其他品項大致有貨,,2,2,Irene,,3/20/2020 18:13:00,,0
83,Costco,North San Jose,3/20/2020,12:00 - 15:00,,白色鸡蛋（限购），鸡肉（限购）,一般的食物,卫生纸，大米，生姜，大蒜，vc,2,2,,,3/20/2020 18:10:50,,0
84,99 Ranch (大华),Cupertino,3/20/2020,12:00 - 15:00,,肉类，豆制品，蔬菜，速冻食品都比较充足,,鸡蛋/大白菜,2,3,Mia,熟食区的面包存量不多,3/20/2020 18:01:16,,0
85,Costco,Sunnyvale,3/20/2020,12:00 - 15:00,,"egg (1 per member), milk (1 per member), plenty of veg, chicken (1 per member), pork ribs, steaks,",,Disinfectant wipes/Hand sanitizer,2,3,Mia,进门需排队，但很快,3/20/2020 17:58:55,,0
86,H Mart,North San Jose,3/20/2020,09:00 - 12:00,95131,蔬菜，肉，大米,小袋大米限购1袋，肉货架上剩余不多，蔬菜充足,鸡蛋，牛奶,2,2,,泡面，挂面类的剩余也不多了，冷冻区库存还可以,3/20/2020 17:54:35,,0
87,Sprout,North San Jose,3/20/2020,09:00 - 12:00,95131,蔬菜，肉，牛奶,牛奶只有部分品牌有一些存货，其他充足,鸡蛋（货架上几乎没了）,2,2,,,3/20/2020 17:50:22,,0
88,Marina Food (永和),Cupertino,3/20/2020,12:00 - 15:00,,几乎都有货，还有板蓝根,,大蒜,2,3,Tina,工作人员全部戴口罩，赞,3/20/2020 17:50:14,,0
89,Walmart,Mountain View,3/20/2020,09:00 - 12:00,,基本上都有货，厕纸早点去是有的，很快就没了,基本都有,厕纸，消毒液,2,2,Nastia,,3/20/2020 17:49:09,,0
90,99 Ranch (大华),Mountain View,3/20/2020,09:00 - 12:00,,蔬菜，肉，水果，牛奶，速冻水饺,大部分都有货，除了某些罐头以及面食，干粮，不记得看到大米了,绍兴醋,3,3,Nastia,,3/20/2020 17:47:27,,0
91,Safeway,Santa Clara,3/20/2020,09:00 - 12:00,95054,鸡蛋，牛奶，肉,鸡蛋剩余不多，其他有货,厕纸,2,2,,蔬菜区没有过去，情况不明,3/20/2020 17:47:10,,0
92,99 Ranch (大华),Cupertino,3/20/2020,09:00 - 12:00,,米，大蒜，蔬菜，水果，肉，鱼，虾,,鸡蛋，牛奶，姜，面粉,3,3,Tina,好像涨价了，不太确定,3/20/2020 17:45:27,,0
93,Whole Foods,Santa Clara,3/20/2020,09:00 - 12:00,95054,鸡蛋，牛奶，肉，水果，蔬菜，瓶装水,鸡蛋和牛奶货架上剩余不多，其他OK,厕纸,2,2,,进门有人给推车把手消毒，很赞。,3/20/2020 17:43:41,,0
94,99 Ranch (大华),Mountain View,3/20/2020,12:00 - 15:00,,大部分食品，米，面，青菜，肉类,存量ok，罐头比较少。,鸡蛋/部分罐头/部分干货。,2,4,sandycam09,,3/20/2020 17:41:05,,0
95,Costco,North San Jose,3/20/2020,09:00 - 12:00,95101,蔬菜，肉，牛奶，鸡蛋,鸡蛋库存有限，限购1盒，其他相对比较充足,大米，面粉，toilet paper,2,3,,进门需要排一小会队，是为了控制内部同时购物的人数，保持人与人之间足够的距离。但总体人数不算多，排队等待进入的时间不长。,3/20/2020 17:38:09,,0
96,Costco,North San Jose,3/20/2020,12:00 - 15:00,,米很少，肉有，别的都有,,纸,4,2,,,3/20/2020 17:24:45,,0
97,Costco,North San Jose,3/19/2020,09:00 - 12:00,,米， 厕纸等， 很齐全,,,3,2,,,3/20/2020 16:46:41,,1
98,Costco,Sunnyvale,3/20/2020,09:00 - 12:00,,most ,good.,nutella,2,2,,,3/20/2020 16:23:53,,0
99,Lion Market,Milpitas,3/20/2020,09:00 - 12:00,,肉、海鮮、雜貨、蔬菜,,蛋、牛奶,3,3,,,3/20/2020 16:10:13,,0
100,99 Ranch (大华),North San Jose,3/20/2020,09:00 - 12:00,,肉,少,纸/米/速冻食品,2,3,,下周米有补货（周三可能性大），纸不知道,3/20/2020 16:05:59,,0
101,99 Ranch (大华),Mountain View,3/20/2020,09:00 - 12:00,,冷冻食品，面 ，熟食，面包,冷冻食品架子空了一半,,2,2,Tori Yan,,3/20/2020 15:28:31,,0
102,Costco,Mountain View,3/20/2020,09:00 - 12:00,,蔬菜，水果，大米，罐头，卷筒纸,基本上都有货,肥皂,2,3,Tori Yan,Costco在限流，排队一个一个进 ，所以店里人不多,3/20/2020 15:26:48,,0
103,Marina Food (永和),Cupertino,3/20/2020,09:00 - 12:00,,所有货品都很全，除了泡面库存比平时略少,,,2,4,swgr,,3/20/2020 15:15:04,,0
104,Walmart,Santa Clara,3/20/2020,09:00 - 12:00,,牛奶 蔬菜 水果 肉类,酸奶 洗手液 面包 库存较少,鸡蛋 奶酪 黄油 面粉 酵母 大米 桶装水 消毒用品,2,2,,,3/20/2020 15:13:04,,0
105,Marukai Market,Cupertino,3/20/2020,09:00 - 12:00,,牛奶 鸡蛋 肉 蔬菜 饺子 大部分常见商品,足量,泡面,2,5,swgr,,3/20/2020 15:12:53,,0
106,Safeway,Mountain View,3/20/2020,09:00 - 12:00,,牛奶，少量牛肉，羊肉，,冰冻肉架大部分是空的,厕纸,1,2,姜小白,,3/20/2020 15:02:56,,0
107,Costco,Sunnyvale,3/20/2020,09:00 - 12:00,94086,大部分货品充足.  厕纸/厨房纸/鸡蛋/鸡肉/纯净水各限购一个，,,消毒纸巾/免洗洗手液/消毒喷雾,2,3,,限流，需要排队，大概排了15分钟左右,3/20/2020 15:01:27,,0
108,Target,Santa Clara,3/20/2020,09:00 - 12:00,95050,6卷装厕纸 厨房纸,卫生类纸制品货架较空 手慢无,,2,2,mf,卫生类纸制品每人限购一个,3/20/2020 14:55:03,,0
109,Costco,North San Jose,3/20/2020,09:00 - 12:00,95131,卫生纸，水，限早上排队入场，限购,其他商品食品和平时一样， 充足,酒精/医用手套,3,2,,,3/20/2020 14:33:37,,0
110,99 Ranch (大华),Cupertino,3/20/2020,09:00 - 12:00,95014,蔬菜，肉，水果，ice cream,齐全,鸡蛋,1,5,Oriana,Parking lot empty ,3/20/2020 14:25:46,,0
111,Safeway,Sunnyvale,3/20/2020,09:00 - 12:00,94086,猪肉/牛肉/蔬菜/蛋/奶,鸡肉以外的肉类充足，蔬菜充足，蛋不多,厕纸/面巾纸/wipes,3,2,,,3/20/2020 13:48:01,,0
112,Costco,Santa Clara,3/20/2020,09:00 - 12:00,,卫生纸 厨房纸,需要一大早去排队，排队一个小时左右,消毒用品/手套,3,3,,,3/20/2020 13:46:25,,0
113,Marina Food (永和),Cupertino,3/20/2020,06:00 - 09:00,,齐全,,,3,4,,,3/20/2020 13:44:54,,0
114,Safeway,Sunnyvale,3/19/2020,12:00 - 15:00,94087,肉 水果 奶 冻虾 冻pizza 零食,,罐头汤/消毒/厕纸,2,2,lessica,冻虾买一送一，很多食品on sale,3/20/2020 13:29:19,,1
115,99 Ranch (大华),Mountain View,3/19/2020,09:00 - 12:00,94040,蔬菜 肉 蛋 奶 水 米 冻饺等基础食品,,泡面/粉/面条 等速食食品,2,2,lessica,,3/20/2020 13:26:24,,1
116,Costco,Mountain View,3/19/2020,12:00 - 15:00,,相对比较齐全,水和zip袋一户限购一份,黄鸡蛋/厕纸/厨房用纸,2,2,,,3/20/2020 13:08:41,,1
117,99 Ranch (大华),Milpitas,3/19/2020,15:00 - 18:00,,基本都有,都很多啊，螺狮粉，方便面，大米都有，也没有限购,没有小排骨了，只有大排骨,1,4,熊宝宝,发现这几天好想物流都跟上来了，cotsco， whole foods， weee都可以买到东西了，大家能少出门就少出门吧,3/20/2020 11:50:57,,1
118,Costco,Hayward,3/19/2020,15:00 - 18:00,,蛋奶生鲜零食等基本都有货,,卷纸/冷冻蔬菜,2,2,刹那_木槿,,3/20/2020 10:58:27,,1
119,Whole Foods,Cupertino,3/19/2020,15:00 - 18:00,,水果、鱼肉,,"面包，frozen meat and frozen fruit, all sorts of broth",3,2,Peyton,,3/20/2020 2:41:24,,1
120,Costco,Mountain View,3/18/2020,18:00 - 21:00,,水肉蔬菜,,鸡蛋/卫生纸/厨房用纸,2,1,,,3/20/2020 2:23:01,,2
121,Costco,Sunnyvale,3/19/2020,18:00 - 21:00,,面粉，蔬菜，水果，鸡蛋，油，牛肉，虾，鱼，排骨,生菜和面粉我去的时候没剩几袋了,各种鸡肉/羊肉/国宝大米,2,2,祝大家健康,,3/20/2020 1:51:48,,1
122,H Mart,North San Jose,3/19/2020,09:00 - 12:00,,牛奶/鸡蛋/蔬菜/零食/少量米,,卷筒纸/肉类,2,3,,,3/20/2020 1:30:57,,1
123,99 Ranch (大华),Milpitas,3/19/2020,09:00 - 12:00,,蔬菜、肉类、大米、鱼虾,,牛奶/鸡蛋/卷筒纸,2,3,,,3/20/2020 1:29:31,,1
124,Trader Joe,North San Jose,3/19/2020,12:00 - 15:00,,都有，不过有限购,充足,,1,1,,进门要排队，每次只放五个人进去，里面人很少，进门的地方有消毒纸巾可以擦拭购物车，出来的时候还有人免费送束花,3/20/2020 1:27:30,,1
125,Costco,Mountain View,3/18/2020,09:00 - 12:00,94040,肉奶蛋seafood基本都有,很充分,,3,2,,,3/20/2020 0:40:04,,2
126,99 Ranch (大华),Cupertino,3/19/2020,15:00 - 18:00,,蔬菜/大米/水果/排骨/牛肉/黑糖珍奶,肉比较少,鸡蛋/牛奶/里脊肉/薄云吞皮,2,4,,,3/20/2020 0:15:38,,1
127,Costco,Mountain View,3/19/2020,18:00 - 21:00,,少量大米 鸡蛋 牛奶；很多肉类 面包,,"hanitizer, tissue, paper towel, Lysol wipe and spray",1,3,,,3/20/2020 0:14:18,,1
128,Target,North San Jose,3/19/2020,15:00 - 18:00,95110,蔬菜，水果，牛奶，奶粉，配方奶,,面粉/鸡蛋/纸,3,1,, College Park分店。基本没有social distancing。基本没人戴口罩。奶制品限购。,3/20/2020 0:02:46,,1
129,Costco,Santa Clara,3/20/2020,12:00 - 15:00,,Egg,2,,5,5,,,3/20/2020 0:02:11,,0
130,99 Ranch (大华),Milpitas,3/19/2020,18:00 - 21:00,,海鲜 牛 猪 豆腐 各种蔬菜,库存很多,鸡蛋,2,5,,,3/19/2020 23:39:48,,0
131,Costco,Santa Clara,3/16/2020,18:00 - 21:00,,牛羊猪肉 海鲜 方便面 生菜 绿色豆子 牛奶 ,,牛奶/土豆/番茄/生姜,1,2,,,3/19/2020 23:38:19,,3
132,99 Ranch (大华),Milpitas,3/19/2020,15:00 - 18:00,,基本都有,,鸡蛋/牛奶只有全脂的/羊肉,2,4,这无语了,,3/19/2020 23:32:29,,0
133,Sprout,Cupertino,3/19/2020,15:00 - 18:00,,Beef/poultry/fruits/vegetables ,,Dried beans,1,2,,,3/19/2020 23:28:17,,0
134,Trader Joe,Cupertino,3/19/2020,18:00 - 21:00,,"Milk,  fruits, most of frozen food",,Paper towel/toilet paper/poultry/pasta,2,1,,,3/19/2020 23:24:58,,0
135,Costco,Sunnyvale,3/19/2020,18:00 - 21:00,,餐巾纸，瓶装水（smartwater限购1），肉和水果看上去很充足,,,2,3,,,3/19/2020 23:20:32,,0
136,Costco,North San Jose,3/19/2020,12:00 - 15:00,,盒装纸，印度大米，桂格燕麦，牛奶，鸡蛋，很多肉,60%,厕纸，珍珠米，午餐肉罐头，消毒湿巾,3,2,,很多人不带口罩，感觉能不出门还是不要出门的好。,3/19/2020 23:03:39,,0
137,Whole Foods,Los Altos,3/19/2020,15:00 - 18:00,,"Milk, Produce, Meat, Fish",Good,"Eggs, Pasta, Beans",3,1,aterzis,,3/19/2020 22:52:39,,0
138,Costco,Sunnyvale,3/19/2020,18:00 - 21:00,94085,鸡蛋 豆腐 牛奶 基本蔬菜 水果,充足,,3,2,Nicole,,3/19/2020 22:46:21,,0
139,Safeway,Santa Clara,3/19/2020,18:00 - 21:00,95054,Milk/Canned soup/ Beef,,Eggs/Pasta,3,2,,,3/19/2020 22:43:27,,0
140,H Mart,Cupertino,3/19/2020,06:00 - 09:00,,日常水果蔬菜基本都有，米，少量桶装水,,鸡蛋，袋装整箱泡面只看到 Indomie mi Goreng,1,3,,,3/19/2020 22:38:26,,0
141,Costco,Sunnyvale,3/19/2020,06:00 - 09:00,,基本都有 但是鸡蛋牛奶限购一件,,,5,3,,,3/19/2020 22:34:37,,0
142,99 Ranch (大华),Milpitas,3/19/2020,09:00 - 12:00,95035,"all vegetable, meat",,,1,3,Wei,,3/19/2020 21:53:01,,0
143,Costco,Mountain View,3/19/2020,12:00 - 15:00,,肉，蛋，奶，国宝米，面粉,,厕纸/ 消毒纸巾/ 消毒喷雾,2,2,晶晶Song,,3/19/2020 21:25:53,,0
144,Whole Foods,Los Altos,3/18/2020,15:00 - 18:00,,鸡腿 牛排 paper towel 面包等,牛奶类库存不多了,鸡翅,3,3,,,3/19/2020 21:10:02,,1
145,Costco,Mountain View,3/18/2020,15:00 - 18:00,,牛奶 鸡蛋 午餐肉 牛排 矿泉水,基本想买的都有 厕纸没注意到,,3,2,,,3/19/2020 21:08:24,,1
146,99 Ranch (大华),West San Jose,3/19/2020,15:00 - 18:00,95129,大部分都有货，大米也很充足,,牛奶/鸡蛋,2,4,Ming,,3/19/2020 21:06:41,,0
147,Costco,North San Jose,3/19/2020,15:00 - 18:00,95132,most of the items,"limit 1 for Milk, Chicken and Eggs",,2,2,Jesus loves You,,3/19/2020 20:32:26,,0
148,Trader Joe,West San Jose,3/19/2020,15:00 - 18:00,95130,貨源充足,,,2,1,,,3/19/2020 20:29:42,,0
149,Market at Munger,Stanford,3/19/2020,15:00 - 18:00,,"Milk, Eggs",running low,,2,1,,View this datasheet on map: https://www.ponan.li/bayarea-grocery,3/19/2020 20:21:44,,0
150,Safeway,Mountain View,3/18/2020,18:00 - 21:00,94043,Almost everything,Sufficient,Asian Food aisle especially pasta and sauces,1,1,,,3/19/2020 20:17:43,,1
151,Whole Foods,Santa Clara,3/18/2020,18:00 - 21:00,94043,"Raw Fruits, Vegetables, Tortillas, Meal Prep Kits",All stocks looked full,"All other shelves including sauces, pasta, rice, noodle and frozen food ",2,1,,,3/19/2020 20:16:48,,1
152,Nijiya Market,Mountain View,3/19/2020,15:00 - 18:00,,"Meat, seafood, tofu, instant noodle, vegetables",Nearly full,Milk / Eggs,2,5,,View this datasheet on map: https://www.ponan.li/bayarea-grocery,3/19/2020 20:09:10,,0
153,Costco,Sunnyvale,3/19/2020,12:00 - 15:00,94089,米，肉，蛋，奶，面粉,不多的商品都有限购,hand sanitizer/disinfect wipes,3,2,,,3/19/2020 20:04:58,,0
154,Trader Joe,Sunnyvale,3/19/2020,12:00 - 15:00,94087,蔬菜、肉、水果、速冻食品,看起来很充足,,3,2,shuorany,限制超市人数，所以超市里面人很少但是外面会排队。有牌子建议大家间隔6英尺排队。门口有工作人员帮忙给手上消毒。,3/19/2020 19:43:03,,0
155,Costco,Santa Clara,3/19/2020,15:00 - 18:00,95050,牛奶 面巾纸 水  水果 蔬菜 肉类 少量面包 ,基本充足 ,鸡蛋，厕纸， wipe ,2,2,lei,需要分批入场,3/19/2020 19:26:38,,0
156,Costco,Sunnyvale,3/19/2020,12:00 - 15:00,,米、肉、蔬菜等食品类,挺全的，鸡蛋牛奶限购,消毒纸巾,3,2,lz,门口排队限流，排队大约5分钟,3/19/2020 19:21:58,,0
157,Safeway,Milpitas,3/19/2020,12:00 - 15:00,95035,蔬菜/水果,一般,肉类/海鲜,3,2,,,3/19/2020 19:19:44,,0
158,Lion Market,Fremont,3/18/2020,09:00 - 12:00,,饺子皮，混沌皮，水果蔬菜，榨菜，海鲜，各种肉,,黄土豆，挂面,2,2,,,3/19/2020 19:19:09,,1
159,Marina Food (永和),South Fremont,3/18/2020,09:00 - 12:00,,水果蔬菜（偏贵），豆腐（品种少），年糕片，海鲜，牛肉，猪肉,,榨菜，挂面，饺子皮，混沌皮，大白菜，鸡，,2,2,,,3/19/2020 19:17:03,,1
160,Hankook,Sunnyvale,3/19/2020,15:00 - 18:00,,菜，水果，肉，中式韩式各种调料,充足,蛋,1,5,,,3/19/2020 19:15:01,,0
161,99 Ranch (大华),Mountain View,3/19/2020,12:00 - 15:00,,蔬菜 水果 牛奶 零食,有些货架比较乱，比如咖啡和茶基本被拿掉很多没有整理，但每一个大类基本都还有,没看到厕纸,4,4,meow,有看到上货的工作人员没戴口罩,3/19/2020 19:09:01,,0
162,H Mart,West San Jose,3/19/2020,12:00 - 15:00,,水，蔬菜，水果，酱油，醋，牛肉，面，饺子，米，基本都有。,货架上80%有货,鸡肉/猪肉货架比较空,2,4,,食品类货源充足，不必恐慌。,3/19/2020 19:08:35,,0
163,99 Ranch (大华),Milpitas,3/19/2020,09:00 - 12:00,,基本都有,,无鸡蛋、奶、厕纸,1,4,melanie,,3/19/2020 18:58:06,,0
164,Costco,Sunnyvale,3/19/2020,15:00 - 18:00,94085,牛奶鸡蛋水果各种食物 面巾纸 擦手纸,较多,厕纸,3,3,mf,鸡蛋牛奶每人限购一份,3/19/2020 18:56:49,,0
165,Costco,Sunnyvale,3/19/2020,12:00 - 15:00,,牛奶 鸡蛋 面包 水 纸巾 蔬果 米 面粉,,,3,2,,,3/19/2020 18:56:10,,0
166,Safeway,Santa Clara,3/19/2020,09:00 - 12:00,,面粉，肉馅，卫生纸   消毒湿巾  大米,,,3,1,,,3/19/2020 18:45:30,,0
167,Marina Food (永和),Cupertino,3/19/2020,00:00 - 03:00,95014,水果 蔬菜 海鲜 肉类 零食 厕纸,大部分商品库存良好 与平时无异,部分牌子方便面/部分牌子米,2,3,啊啾,,3/19/2020 18:37:48,,0
168,Trader Joe,Cupertino,3/19/2020,12:00 - 15:00,95014,肉、冷凍肉品、蔬果、生鮮。,正常微少,乾洗手,2,2,,店內限25人購物。流動快，排隊時間不長,3/19/2020 18:20:00,,0
169,99 Ranch (大华),Cupertino,3/19/2020,12:00 - 15:00,95014,肉、海鮮、蔬菜、水果、牛奶、冷凍水餃丸子。,正常稍少。,蛋,1,3,,,3/19/2020 18:17:42,,0
170,99 Ranch (大华),Milpitas,3/19/2020,12:00 - 15:00,,肉鱼速冻饺子馄饨蔬菜水果零食,需要的蔬菜鱼肉基本都有货，牛奶不多了,鸡蛋,2,3,,,3/19/2020 18:11:11,,0
171,99 Ranch (大华),Foster City,3/19/2020,12:00 - 15:00,,基本都有货,50%,,2,3,Jessica,,3/19/2020 18:06:03,,0
172,Safeway,West San Jose,3/19/2020,09:00 - 12:00,,Eggs,,,1,1,,"Good luck, everyone, and take care",3/19/2020 17:42:49,,0
173,Whole Foods,Santa Clara,3/19/2020,12:00 - 15:00,,蔬菜水果，肉類，雞蛋，乳製品,充足,"乾貨（pasta , chips, etc.) 短缺",3,2,Chia Lin,僅少數亞洲人戴口罩,3/19/2020 17:41:54,,0
174,Marina Food (永和),Cupertino,3/19/2020,12:00 - 15:00,,基本全部都有货，米、面、蔬菜都很充足,,,3,4,,大米不可退哦，请大家理性采购。,3/19/2020 17:21:18,,0
175,Safeway,West San Jose,3/19/2020,12:00 - 15:00,95129,鸡蛋/面包/肉,面包充足/鸡蛋和肉不多了,organic的蔬菜,1,1,Nutcoco,有glacier罐水机25cents一桶,3/19/2020 17:01:20,,0
176,Whole Foods,Santa Clara,3/19/2020,12:00 - 15:00,,新鲜的蔬菜水果,充足,pasta，米，豆子，燕麦自己称重区的都没了，零食也没了，冷冻区基本空了,2,2,,,3/19/2020 16:45:45,,0
177,Marina Food (永和),Cupertino,3/19/2020,09:00 - 12:00,,货物充足,充足,,2,4,Yan Hu,不用担心，水果蔬菜肉及干货都很多。,3/19/2020 16:42:29,,0
178,99 Ranch (大华),Cupertino,3/19/2020,09:00 - 12:00,,米 面 果蔬 方便面 水 肉,挺足的,,3,3,,,3/19/2020 16:21:25,,0
179,Mitsuwa,West San Jose,3/19/2020,12:00 - 15:00,95129,鸡蛋（限两盒），牛奶，豆腐，猪肉，牛肉，鸡肉，bento，,蔬菜库存不多,,1,4,Lynn,,3/19/2020 16:20:43,,0
180,Lucky in mission Blvd,Fremont,3/18/2020,09:00 - 12:00,,冷凍食品,很多空架,蛋/麵包/衛生紙/蔬菜和水果和肉類都很少,3,1,,,3/19/2020 16:08:51,,1
181,Trader Joe,Fremont,3/18/2020,09:00 - 12:00,,幾乎全部都有，但每樣限購2次,,無,3,2,,,3/19/2020 16:05:32,,1
182,Sprout,Cupertino,3/19/2020,09:00 - 12:00,,幾乎都有，蛋限購2盒,,,1,1,,,3/19/2020 15:56:19,,0
183,Costco,North San Jose,3/19/2020,09:00 - 12:00,95131,水 奶 蛋等都有  厨房纸 纸巾都有,蛋和奶限购 一人一份,没有卫生纸,2,2,fangxiaoyun1020,,3/19/2020 15:34:49,,0
184,H Mart,North San Jose,3/19/2020,09:00 - 12:00,,货架物品丰富,,醋,1,4,,肉类限购三盒,3/19/2020 15:21:29,,0
185,Costco,Mountain View,3/19/2020,09:00 - 12:00,,大多商品有货,牛奶，鸡蛋，虾，每户限购一份,玉米油，有机鸡蛋,4,1,,,3/19/2020 15:19:55,,0
186,Costco,Sunnyvale,3/19/2020,09:00 - 12:00,94089,厕纸，厨房纸，免洗消毒液，肉类，鸡蛋，水果，大部分商品已回架,肉鱼类都有，但不算太多，纸巾人手一包，有专人派发,消毒纸巾,3,2,Sarah,,3/19/2020 15:16:45,,0
187,99 Ranch (大华),North San Jose,3/19/2020,09:00 - 12:00,95131,锦牌大米、糙米,目测25lb包装大米有50袋左右,,2,4,烤馒头,11点多去的，每个收银队列前只有2~3人,3/19/2020 14:54:28,,0
188,Safeway,Mountain View,3/19/2020,09:00 - 12:00,94040,冷凍食品,,雞蛋/紙巾,3,2,,,3/19/2020 14:43:49,,0
189,99 Ranch (大华),Cupertino De Anza,3/19/2020,09:00 - 12:00,,蔬菜，肉类，米面，冷冻食品,基本都有，无需排队,牛奶/鸡蛋,3,4,,,3/19/2020 14:37:31,,0
190,99 Ranch (大华),Mountain View,3/18/2020,15:00 - 18:00,,白米,,,2,2,kenny851017,,3/19/2020 14:14:11,,1
191,99 Ranch (大华),Milpitas,3/19/2020,09:00 - 12:00,95134,辛拉面，部分煎饺，水饺，蔬菜生鲜及部分水果,蔬菜库存充足，肉类库存尚可,部分泡面，鸡蛋，牛奶,1,4,CC,,3/19/2020 13:50:25,,0
192,Whole Foods,Santa Clara,3/18/2020,18:00 - 21:00,,牛奶/水/水果蔬菜/bakery/肉/酒/调料,牛奶和水都是少量，但在补货中,鸡蛋/零食/鸡肉,2,1,Jin,人工包肉柜台肉很充足,3/19/2020 13:18:07,,1
193,Costco,Sunnyvale,3/18/2020,18:00 - 21:00,94086,除了厕纸面粉基本都有。部分商品有限购,很充足,厕纸/面粉,1,1,,,3/19/2020 12:18:39,,1
194,Costco,North San Jose,3/18/2020,09:00 - 12:00,95132,大米，水，油，蔬菜，水果，牛奶，面粉,面包货架基本空了,卫生纸/厨房纸,2,2,,12:00出门时候看到其他人购物车里面有厨房纸,3/19/2020 11:44:09,,1
195,Country Sun Natural Foods,Palo Alto,3/17/2020,12:00 - 15:00,94306,Milk / Coffee / Produce,Sufficient,,2,3,,,3/19/2020 4:20:21,,2
196,Mollie Stones Market,Palo Alto,3/16/2020,12:00 - 15:00,94306,Toilet Paper / Fresh Produce / Eggs,Plenty,,3,1,,,3/19/2020 4:18:30,,3
197,99 Ranch (大华),Fremont,3/18/2020,09:00 - 12:00,,纠正一下上面那个回复，关门歇业的大华是Mission Square的那家,,,1,1,马塞洛,,3/19/2020 3:01:31,,1
198,99 Ranch (大华),Fremont,3/18/2020,09:00 - 12:00,,除了蔬菜和肉，基本都有货,,蔬菜基本没了/肉剩得很少,2,4,马塞洛,,3/19/2020 2:58:44,,1
199,99 Ranch (大华),Fremont,3/18/2020,09:00 - 12:00,,这个超市关门歇业了了，因为地址搬迁,,,1,1,马塞洛,,3/19/2020 2:56:54,,1
200,Trader Joe,West San Jose,3/19/2020,15:00 - 18:00,95128,蔬菜，水果，牛奶，鸡蛋,肉类很少。,鸡腿，鸡肉。,2,1,,,3/19/2020 2:13:56,,0
201,99 Ranch (大华),Cupertino,3/18/2020,18:00 - 21:00,,基本上什么都有,牛奶比较少,,1,5,,,3/19/2020 1:48:34,,1
202,Costco,Almaden,3/18/2020,12:00 - 15:00,,鸡蛋 牛奶 肉 蔬菜 坚果,鸡蛋 牛奶 限购一份,,2,2,,,3/19/2020 1:36:43,,1
203,99 Ranch (大华),Milpitas,3/18/2020,18:00 - 21:00,,蔬菜，水果，米，面条都有,面粉很少,鸡蛋/厕纸/酵母,1,4,syang,,3/19/2020 1:34:59,,1
204,Marina Food (永和),Cupertino,3/18/2020,12:00 - 15:00,,卫生纸,,,3,3,,,3/19/2020 0:53:24,,1
205,99 Ranch (大华),Milpitas,3/18/2020,18:00 - 21:00,,几乎什么都有，80%以上的库存,80%+,鸡蛋,1,4,aries,,3/19/2020 0:34:01,,1
206,Costco,North San Jose,3/18/2020,15:00 - 18:00,95131,鸡蛋，牛奶，鱼肉，猪肉，牛肉，水,,厨房纸/厕纸/酒精/手套,2,3,,,3/19/2020 0:06:49,,1
207,Target,Sunnyvale,3/18/2020,18:00 - 21:00,94086,肉牛奶鸡蛋蔬菜水果尿布奶粉,,面包,2,2,,,3/18/2020 23:47:56,,0
208,99 Ranch (大华),Mountain View,3/18/2020,18:00 - 21:00,94040,94040,鸡蛋，牛奶，油，肉类，蔬菜，鱼类都还有，面粉，泡面剩少量,果汁|罐头类,2,3,koby,,3/18/2020 23:35:35,,0
209,Marina Food (永和),Cupertino,3/18/2020,15:00 - 18:00,,食品类几乎什么都有，大米面食蔬果肉类很多，鸡蛋偏少,,,1,4,,,3/18/2020 23:29:38,,0
210,Costco,Redwood City,3/18/2020,15:00 - 18:00,,面粉，鸡蛋，牛奶，牛肉，猪肉，鱼肉，水,,鸡肉，卷筒纸，厨房用纸，餐巾纸，消毒用品,2,2,,水限购1箱,3/18/2020 23:27:02,,0
211,Trader Joe,San Carlos ,3/18/2020,15:00 - 18:00,,没肉了，其他都还算充足,,肉,3,1,,,3/18/2020 23:14:35,,0
212,Whole Foods,Fremont,3/18/2020,18:00 - 21:00,94538,牛奶（限购2），蔬菜，水果,,鸡蛋（限购2）最后几盒/薯片,2,2,Shumin,因为时间已经打烊，整体上感觉whole foods储备还是有的，不必太过惊慌,3/18/2020 22:38:05,,0
213,Costco,Sunnyvale,3/18/2020,15:00 - 18:00,94086,"Milk, egg, veggies, fruit, meat, water, toilet paper",Plenty,,1,2,,,3/18/2020 22:21:26,,0
214,Sprout,North San Jose,3/18/2020,18:00 - 21:00,95131,蔬菜 水果 牛肉 鸡肉,,米/面/油/奶粉/鸡蛋/各类披萨酱/黄油,2,1,一一二二二,,3/18/2020 22:15:16,,0
215,Lion Market,South San Jose,3/18/2020,09:00 - 12:00,95121,蔬果充足，鱼海鲜还好，肉类个别有货,中下,米面,2,2,,,3/18/2020 22:09:05,,0
216,Costco,South San Jose,3/18/2020,09:00 - 12:00,95112,各种肉类，排骨，鸡蛋，牛奶，有手纸可能限购,大部分还好，有些商品库存中下，人不太多,土豆，大米，,2,2,,,3/18/2020 22:04:46,,0
217,Lion Market,Milpitas,3/18/2020,12:00 - 15:00,,猪肉，大部分蔬菜和水果,,大米,2,4,,,3/18/2020 21:34:21,,0
218,99 Ranch (大华),Milpitas,3/18/2020,15:00 - 18:00,,肉 冷冻食品 米面 方便面 洗手液,80%左右 有几种方便面和几种速冻饺子被拿光了 其它都很充足,两三种速冻饺子/任何奶(豆奶杏仁奶都拿光了)/橙子,1,4,gzl,下午5点之前人很少,3/18/2020 21:29:56,,0
219,Whole Foods,Cupertino,3/18/2020,15:00 - 18:00,95014,蔬菜 水果 牛奶 鸡蛋,,,3,2,,,3/18/2020 21:27:18,,0
220,Whole Foods,Santa Clara,3/18/2020,12:00 - 15:00,95054,a lot but no toilet papers,60percents,toilet papers,1,1,Hae,,3/18/2020 21:21:03,,0
221,Grocery outlet,South San Jose,3/18/2020,15:00 - 18:00,95124,蛋，牛奶，水果，洗手液，急凍雞肉，水，少量蔬菜,限買水，蛋，牛奶,面包，廁所紙，漂白水,2,2,,,3/18/2020 21:10:31,,0
222,99 Ranch (大华),Milpitas,3/18/2020,15:00 - 18:00,,肉/菜/饺子/速冻食品/基本都有/米/没看见鸡蛋,,部分速冻食品低库存,3,3,,,3/18/2020 21:07:25,,0
223,H Mart,Cupertino,3/18/2020,15:00 - 18:00,,米，蔬菜,,糯米粉，淀粉等,2,3,,,3/18/2020 21:05:33,,0
224,Costco,South San Jose,3/18/2020,15:00 - 18:00,,米，面粉，鸡蛋，牛奶,,wipes，tissue，门口就有贴哪些没有。,3,2,,,3/18/2020 21:04:08,,0
225,99 Ranch (大华),Cupertino,3/18/2020,15:00 - 18:00,,米，猪肉鸡肉海鲜，青菜水果，火锅底料,挺充足的，只有奶的选择略少,厕纸/鸡蛋,2,3,,,3/18/2020 20:53:19,,0
226,99 Ranch (大华),Cupertino,3/18/2020,15:00 - 18:00,,米，猪肉鸡肉海鲜，青菜水果，火锅底料,挺充足的，只有奶的选择略少,厕纸/鸡蛋,2,3,,,3/18/2020 20:53:15,,0
227,Smart & Final,Mountain View,3/17/2020,15:00 - 18:00,94040,牛奶 面包 蔬菜 零食 ,,,3,1,Reginaaaa,,3/18/2020 20:47:29,,1
228,Nijiya Market,Mountain View,3/17/2020,15:00 - 18:00,94040,米 油 绿色蔬菜，零食，面包，调味料，鸡蛋，面食,,牛奶 泡面 ,1,3,Reginaaaa,,3/18/2020 20:45:42,,1
229,99 Ranch (大华),West San Jose,3/18/2020,15:00 - 18:00,,除了鸡蛋基本上啥都有,,鸡蛋,1,3,,,3/18/2020 20:33:27,,0
230,99 Ranch (大华),Milpitas,3/18/2020,15:00 - 18:00,,肉/菜/蛋,很多,,2,4,,,3/18/2020 20:19:07,,0
231,Marina Food (永和),Cupertino,3/18/2020,15:00 - 18:00,,该有的都有 吃的 包括fosia 厕纸,挺多的,,1,4,,,3/18/2020 20:09:20,,0
232,Target,Cupertino,3/18/2020,15:00 - 18:00,,除了厕纸和消毒用品基本都有货,,消毒用品 厕纸 厨房纸,1,3,,,3/18/2020 20:07:38,,0
233,Costco,Mountain View,3/18/2020,12:00 - 15:00,,食物充足，卷纸sanitizer继续缺货，一次性手套一人限购一盒,,卷纸，sanitizer，消毒湿巾，米,1,1,,,3/18/2020 19:50:47,,0
234,Costco,Santa Clara,3/18/2020,15:00 - 18:00,,肉蛋奶蔬菜水果厨房用纸抽纸,货源充足,厕所纸,3,2,徐哪吒,跟平常人差不多，门口有人喷消毒液,3/18/2020 19:12:40,,0
235,Lion Market,Saratoga,3/18/2020,12:00 - 15:00,95129,蔬菜丰富充足,,李锦记特级蠔油,1,1,,,3/18/2020 19:00:49,,0
236,Costco,Mountain View,3/18/2020,09:00 - 12:00,,都有货,中少量,Kitchen paper towel ,2,2,,,3/18/2020 18:53:06,,0
237,Safeway,Palo Alto,3/18/2020,12:00 - 15:00,94301,牛奶，肉类，菜，水果,店员在不断地补货中，部分货架东西已经没有了，不挑剔的话可以补足生活所需,,2,2,牛角包,,3/18/2020 18:38:52,,0
238,Sprout,West San Jose,3/18/2020,12:00 - 15:00,,limited vegetables and fruits,,eggs,3,2,,,3/18/2020 18:29:29,,0
239,99 Ranch (大华),Milpitas,3/18/2020,09:00 - 12:00,95035,蔬菜，水果，肉，米，面,蔬菜水果种类有缺失但是量比较充足，肉紧张，米面正常,牛奶,2,3,,,3/18/2020 18:27:23,,0
240,Whole Foods,Santa Clara,3/18/2020,09:00 - 12:00,95054,牛奶，面包，蔬菜，水果，肉,蔬菜水果足量，肉紧张，面包充足，牛奶正常,Pasta,4,3,,,3/18/2020 18:25:41,,0
241,99 Ranch (大华),Milpitas,3/18/2020,15:00 - 18:00,95035,米 肉 水 蔬果,,方便面不多了……厕纸没有,2,4,Rachel,,3/18/2020 18:08:44,,0
242,Costco,Mountain View,3/18/2020,09:00 - 12:00,,肉类，鱼类，牛奶，鸡蛋，面粉,,厕纸，中国大米,2,2,,,3/18/2020 18:04:38,,0
243,CVS,Saratoga,3/18/2020,09:00 - 12:00,95070,厕纸,,,2,3,Anika,每个人基本都有买厕纸，不确定现在是否卖光,3/18/2020 17:23:25,,0
244,Safeway,Saratoga,3/18/2020,09:00 - 12:00,95070,水果充足，厨房纸，鸡蛋，牛肉，冷冻鱼虾、药品,蔬菜、牛奶、面包都仅有少量,消毒巾，消毒喷雾，酒精，厕纸,2,4,Anika,,3/18/2020 17:21:18,,0
245,99 Ranch (大华),Milpitas,3/18/2020,12:00 - 15:00,,冷冻食物，鲜肉鸡水果蔬菜,较多,鸡蛋,2,4,,,3/18/2020 17:15:40,,0
246,Costco,Santa Clara,3/18/2020,12:00 - 15:00,94089,鸡蛋水米 面粉，大多库存正常,,厕纸,3,2,Rachel,,3/18/2020 17:06:59,,0
247,Costco,Sunnyvale,3/18/2020,12:00 - 15:00,,tissue 水 各种肉,基本都有 除了部分清洁用品,酒精 洗手液 卷纸,2,3,,,3/18/2020 17:06:52,,0
248,Whole Foods,Santa Clara,3/17/2020,06:00 - 09:00,,各种肉类 酸奶 面包 蔬菜水果 清洁类用品,肉类充足 ,散装坚果类/散装豆类/牛奶/鸡蛋,3,2,咩咩,15 items less 自助结账通道不用排队 ,3/18/2020 16:54:45,,1
249,Lion Market,West San Jose,3/18/2020,12:00 - 15:00,95129,蔬菜/水果/肉类/调料,豆腐/面条 库存较少,咖喱/桶装水,2,3,,,3/18/2020 16:42:34,,0
250,Costco,South San Jose,3/18/2020,12:00 - 15:00,95119,肉，番茄,,水/纸/鸡蛋/方便面,3,2,bambloo,,3/18/2020 16:38:47,,0
251,99 Ranch (大华),Milpitas,3/18/2020,09:00 - 12:00,,米面，肉，蔬菜,米面充足，肉和蔬菜大概50%，但是足够,,1,4,,,3/18/2020 16:37:23,,0
252,Trader Joe,Sunnyvale,3/18/2020,09:00 - 12:00,94086,肉蛋奶蔬菜基本什么都有,,,3,2,,大家可以上午去，理性购买,3/18/2020 16:33:25,,0
253,Safeway,Mountain View,3/18/2020,12:00 - 15:00,,牛肉，虾，培根，蔬菜，水果，著片，饼干,肉类较少，酸奶较少，面包较少，菜和水果正常,鸡肉/冷冻食品/卫生纸,2,1,由岐,,3/18/2020 16:23:53,,0
254,99 Ranch (大华),Cupertino,3/18/2020,09:00 - 12:00,95014,大部分东西都有货，肉正在上货,啥都有，肉正在上，蔬菜非常充足,排骨/火锅底料/速冻饺子,1,2,Sam,,3/18/2020 16:09:10,,0
255,Costco,Sunnyvale,3/18/2020,12:00 - 15:00,94086,卷纸，排骨，spam,啥都有,,2,2,sk,,3/18/2020 15:49:08,,0
256,Costco,Sunnyvale,3/18/2020,09:00 - 12:00,,米，面粉，鸡蛋， 肉馅，厕纸，厨房纸,食品很全，我10:20到的，门口不用排队,clorox,3,2,,,3/18/2020 15:47:10,,0
257,Safeway,West San Jose,3/18/2020,06:00 - 09:00,95051,鸡蛋牛奶很多， 水果不多，蔬菜很少 而且贵,,,1,1,sheng,,3/18/2020 15:29:59,,0
258,99 Ranch (大华),Cupertino,3/18/2020,09:00 - 12:00,,米,肉，蔬菜库存较少,鸡蛋/蒜/番茄,2,3,YY,,3/18/2020 15:22:11,,0
259,grocery outlet,Palo Alto,3/18/2020,09:00 - 12:00,,大桶水限购一人三个 ,limited,toilet paper,2,2,,,3/18/2020 15:20:01,,0
260,Lion Market,Milpitas,3/18/2020,09:00 - 12:00,,蔬菜水果充足， 酸奶少量,面粉架子上没有， 店员说仓库有， 来不及上货,牛奶·,1,4,,,3/18/2020 15:19:42,,0
261,99 Ranch (大华),North San Jose,3/18/2020,09:00 - 12:00,95131,除了牛奶酸奶火锅肉都有货， 水果蔬菜充足， 门口大量瓶装水,,牛奶/酸奶,1,4,june,,3/18/2020 15:17:44,,0
262,Sprout,South San Jose,3/18/2020,06:00 - 09:00,,"Milk, beef, veggies, fruits",4,Eggs/broccoli/cauliflower/strawberry ,2,1,,,3/18/2020 14:32:54,,0
263,Sprout,Sunnyvale,3/17/2020,12:00 - 15:00,94086,"Fruits, Dairy food ",,Meet ,1,2,,,3/18/2020 14:32:42,,1
264,Marina Food (永和),San Mateo,3/18/2020,09:00 - 12:00,94403,肉 菜 新鲜货品很足 ,,羊肉片/一些豆制品,2,3,,,3/18/2020 14:17:20,,0
265,Nijiya Market,Mountain View,3/18/2020,09:00 - 12:00,,米 肉 蔬菜 基本都有 不过限购,米限购一件 肉限购五件。超市限流进门要排队,早点去 十点四十五蔬菜区快空了,3,3,katiel,,3/18/2020 14:11:50,,0
266,Sprout,Saratoga,3/18/2020,15:00 - 18:00,,"Eggs , fresh veggies ",,,3,2,,,3/18/2020 14:09:53,,0
267,Whole Foods,San Jose,3/17/2020,18:00 - 21:00,,水果，奶，咖啡，肉，少量蔬菜,50%,蛋/消毒用品/面包,2,2,,,3/18/2020 13:59:15,,1
268,H Mart,Cupertino,3/18/2020,09:00 - 12:00,95014,猪肉，少部分牛肉，蔬菜水果等,较充足,速冻饺子,1,4,silvia681,,3/18/2020 13:54:33,,0
269,99 Ranch (大华),Mountain View,3/18/2020,09:00 - 12:00,94043,整鸡  鸡翅 排条 水果蔬菜 冷冻葱油饼,,小排骨,1,5,Yy,,3/18/2020 13:45:58,,0
270,Whole Foods,Santa Clara,3/17/2020,18:00 - 21:00,,水果，蔬菜,,冷冻食品，酸奶，面包，面食,1,2,gushishii,,3/18/2020 13:41:53,,1
271,Walmart,Milpitas,3/18/2020,06:00 - 09:00,95035,蔬菜水果，猪肉，牛肉，蛋，奶，面包,蔬菜水果充足,鸡肉,1,2,,,3/18/2020 12:54:48,,0
272,99 Ranch (大华),Mountain View,3/18/2020,09:00 - 12:00,,蛋奶都有，肉种类少,,,1,4,,,3/18/2020 12:20:05,,0
273,99 Ranch (大华),Fremont,3/17/2020,12:00 - 15:00,,水饺/小笼包/方便面,肉和蔬菜都很少,白菜/生菜/只有一种水饺,3,3,,,3/18/2020 12:13:52,,1
274,Costco,Mountain View,3/17/2020,18:00 - 21:00,,Costco,Almost have everything ,Tissue paper ,1,1,,,3/18/2020 10:39:05,,1
275,Whole Foods,Cupertino,3/17/2020,15:00 - 18:00,,Most of the veggies,,"Baby pork ribs, boneless chicken thigh",1,1,jessyhann,,3/18/2020 4:22:28,,1
276,Costco,North San Jose,3/15/2020,18:00 - 21:00,95132,鸡蛋/牛奶/疏菜/面包/鱼肉等,,手纸/卫生纸/所有纸/米/面粉,2,1,,,3/18/2020 3:59:39,,3
277,Lucky,Sunnyvale,3/17/2020,12:00 - 15:00,94086,蔬菜水果,,,2,2,,,3/18/2020 3:46:13,,1
278,Safeway,San Mateo,3/17/2020,21:00 - 00:00,,Veggies ,,Eggs/pasta/toilet paper,1,1,,,3/18/2020 3:39:34,,1
279,99 Ranch (大华),Cupertino,3/17/2020,12:00 - 15:00,95014,速冻食品，海鲜，零食，各式猪肉牛肉鸡肉(非火锅肉片),新鲜货品不足，其他相对充足,火锅底料/蔬菜/鸡蛋,2,4,youngchi17,,3/18/2020 3:02:35,,1
280,Target,Santa Clara,3/17/2020,09:00 - 12:00,,Baby wipe,,"Toilet paper, sanitizer",2,2,,,3/18/2020 2:33:25,,1
281,Hankook,Santa Clara,3/17/2020,12:00 - 15:00,,most,大部分有货，方便面，豆腐，比较少，不过一直在上货。,,3,2,,,3/18/2020 2:26:44,,1
282,99 Ranch (大华),Milpitas,3/17/2020,18:00 - 21:00,,肉 速冻食品 豆浆 ,充足,蛋 ,1,5,,,3/18/2020 1:42:44,,1
283,Walmart,North San Jose,3/17/2020,06:00 - 09:00,95035,Milk,,,2,3,,,3/18/2020 1:13:14,,1
284,Costco,Sunnyvale,3/17/2020,18:00 - 21:00,94087,什么都有，米面蛋奶每人限一份，有中国大米,,,2,2,,比covid-19之前人还少,3/18/2020 1:01:30,,1
285,Lion Market,West San Jose,3/17/2020,18:00 - 21:00,,日本大米 小米 红豆 黑米 ,,,1,3,,,3/18/2020 0:59:59,,1
286,Costco,Fremont,3/17/2020,15:00 - 18:00,94539,Egg milk meat,Enough for most people ,Lamb ,1,1,Susan,,3/18/2020 0:55:18,,1
287,Marina Food (永和),Cupertino,3/18/2020,18:00 - 21:00,,米、面条，干货，果蔬都很多,,,1,2,,,3/18/2020 0:19:26,,0
288,Costco,Mountain View,3/17/2020,15:00 - 18:00,,牛肉/排骨/海鲜/牛奶/抽纸/水果/尿布,,鸡蛋/卷纸,1,2,yanlong,人特别少.鸡蛋牛奶限购,3/18/2020 0:16:12,,1
289,99 Ranch (大华),Cupertino,3/18/2020,06:00 - 09:00,95008,排l 骨,,,4,5,Cindy huang,,3/18/2020 0:07:50,,0
290,Costco,North San Jose,3/17/2020,03:00 - 06:00,95131,牛肉，虾，鱼，面包，只有A1牛奶和lactose free 牛奶,基本都有,卫生纸，厨房纸，鸡蛋,2,2,,,3/17/2020 23:35:07,,0
291,Costco,South San Jose,3/17/2020,09:00 - 12:00,,Toilet paper,New batches of inventory arrived at 11am ,,2,2,L,,3/17/2020 23:19:26,,0
292,Safeway,Homestead ,3/17/2020,18:00 - 21:00,,牛奶，冷冻食品,,面粉/鸡蛋/creamcheese,1,1,,,3/17/2020 23:04:31,,0
293,99 Ranch (大华),Cupertino,3/17/2020,18:00 - 21:00,95014,錦米，国宝米，蔬菜，水果，牛奶,前台说刚刚又进了货，还没有上架,雪花米/三姐妹米，肉类,1,3,,,3/17/2020 23:02:40,,0
294,99 Ranch (大华),Milpitas,3/16/2020,12:00 - 15:00,95035,所有蔬菜，调料，食物,很丰富,,2,4,,,3/17/2020 22:48:33,,1
295,99 Ranch (大华),North San Jose,3/17/2020,09:00 - 12:00,,蔬菜，水果,还挺多,,3,3,,,3/17/2020 22:13:14,,0
296,Grocery Outlet,Palo Alto,3/17/2020,18:00 - 21:00,94306,"Toilet paper, liquid soap (small bottle), rice, soy sauce","Small volume, limited one per customer. ",Pasta. ,2,1,,,3/17/2020 22:06:18,,0
297,Trader Joe,Campbell ,3/17/2020,15:00 - 18:00,95070,Milk fresh veggies fruit wine/alcohol ,60-70%,"Flour, canned food, frozen foods ",2,1,,,3/17/2020 21:19:31,,0
298,Marina Food (永和),Cupertino,3/17/2020,12:00 - 15:00,,"鲜牛奶(fresh milk), 罐装牛奶（evaporated and condensed milk), 绞牛肉（ground beef)只剩几包，等等",不错，很多商品有货,绞猪肉（ground pork),2,4,,,3/17/2020 21:05:03,,0
299,Costco,Mountain View,3/17/2020,09:00 - 12:00,,"Water, veggie, egg",基本都有,,2,2,cyxmomo,,3/17/2020 20:54:17,,0
300,Costco,North San Jose,3/16/2020,18:00 - 21:00,,拉面,,,3,3,Steph,,3/17/2020 20:47:43,,1
301,Hankook,Sunnyvale,3/16/2020,15:00 - 18:00,94086,"can't, the line to checkout was 1 hour+ long","didn't pick any, line was too long",all meats related items,5,4,james,,3/17/2020 20:38:58,,1
302,Safeway,Sunnyvale,3/16/2020,12:00 - 15:00,94087,"蔬菜，水果，培根，香肠, beyond burger, 面包，零食，deli食物",蔬菜水果充足，冷冻食物60%满架,豆腐,3,2,Ning,,3/17/2020 20:22:00,,1
303,Target,Cupertino Main Street,3/17/2020,12:00 - 15:00,,"Fever reducer: tylenon, motrin, VC, Milk, yogurt, bacon",,,1,2,,,3/17/2020 20:19:33,,0
304,Walmart,Santa Clara,3/15/2020,21:00 - 00:00,,某些新鲜蔬菜,,鸡肉/牛肉/卫生纸/鸡蛋/消毒液,2,2,chelsey,,3/17/2020 20:15:57,,2
305,H Mart,West San Jose,3/17/2020,15:00 - 18:00,,17-20刀一磅的牛肉，牛仔骨 86刀,方便面限购,/,3,3,,,3/17/2020 20:06:03,,0
306,Costco,Sunnyvale,3/17/2020,12:00 - 15:00,94097,大米，食用油，牛奶，鸡蛋，土豆，水果，冷冻虾仁,大米鸡蛋牛奶限购，新鲜猪牛肉鸡肉几乎卖光了,纸巾，消毒用品，三连包鸡腿鸡翅,2,3,,,3/17/2020 18:55:19,,0
307,Costco,Online,3/17/2020,12:00 - 15:00,94087,肉/菜/水果/鸡蛋/水都齐全,,燕麦/鸡腿肉,,,,,3/17/2020 18:35:27,,0
308,Costco,Santa Clara,3/17/2020,12:00 - 15:00,,米，水，牛奶，CLOROX,organic鸡蛋没了,纸,3,2,,,3/17/2020 18:25:07,,0
309,99 Ranch (大华),North San Jose,3/17/2020,09:00 - 12:00,95131,猪排骨/猪里脊/猪五花肉/猪肉馅/蔬菜/水果/面条/速冻灌汤饺子,据切肉的说，猪肉货源充足，每天都有新鲜的。蔬菜水果种类比较齐全,大米/面粉/牛肉,4,4,烤馒头,9点开门时人多，10点以后人流量大幅减少,3/17/2020 18:16:02,,0
310,Costco,Sunnyvale,3/17/2020,09:00 - 12:00,94085,蛋，奶，水，酒精纸限每人一份。,基本齐全,卫生纸,3,2,,,3/17/2020 17:50:04,,0
311,Marina Food (永和),Cupertino,3/16/2020,21:00 - 00:00,,均有货,非常好,,4,3,,,3/17/2020 16:28:22,,1
312,Costco,Santa Clara,3/17/2020,09:00 - 12:00,,除了厕纸，全部有货。,满,厕纸,2,3,小心地滑,队伍时长约15分钟，鸡蛋牛奶限购,3/17/2020 16:14:48,,0
313,99 Ranch (大华),Milpitas,3/17/2020,12:00 - 15:00,,米，菜，调料，熟食,,大量缺猪肉、排骨、牛肉等，少量缺鸡蛋,3,4,雨石,,3/17/2020 16:07:36,,0
314,Lion Market,Newark,3/17/2020,09:00 - 12:00,,葱 姜 蒜 冻水饺 番茄 虾,,猪肉/鸡肉/鸡蛋/豆干,2,4,,,3/17/2020 15:20:36,,0
315,Olivera egg ranch,North San Jose,3/17/2020,06:00 - 09:00,,Eggs,"Enough, but long line waiting",,4,1,,,3/17/2020 15:19:06,,0
316,99 Ranch (大华),Milpitas,3/16/2020,15:00 - 18:00,,只剩速度食品,只有剩余,,5,3,,,3/17/2020 15:17:27,,1
317,Sprout,North San Jose,3/17/2020,09:00 - 12:00,,水果 蔬菜 水,,"肉，frozen food, 牛奶， 酸奶",1,1,,,3/17/2020 15:17:17,,0
318,Target,Santa Clara,3/16/2020,15:00 - 18:00,95051,Diaper,,Baby wipes / ANY paper / Similac water milk,4,2,sally,,3/17/2020 15:17:10,,1
319,Walmart,North San Jose,3/16/2020,15:00 - 18:00,,全都空了,没有剩余,,5,1,,,3/17/2020 15:16:07,,1
320,Costco,Union City,3/16/2020,15:00 - 18:00,,Apples ,,Eggs,4,2,,,3/17/2020 15:03:15,,1
321,99 Ranch (大华),Newark,3/16/2020,09:00 - 12:00,,冷冻食品/蔬菜水果/海鲜,,排骨/速冻饺子,3,2,,,3/17/2020 14:16:30,,1
322,Whole Foods,Mountain View,3/17/2020,06:00 - 09:00,94040,"eggs, milk, vegetables, water",High,Chicken,3,2,,,3/17/2020 13:30:41,,0
323,Whole Foods,Santa Clara,3/17/2020,09:00 - 12:00,95054,"water, celery, meat/seafood",,,2,1,,,3/17/2020 12:56:05,,0
324,Island Cove Market,Treasure island,3/17/2020,12:00 - 15:00,94130,基本都有,看不出來有缺乏情況,,4,1,,,3/17/2020 12:50:33,,0
325,Target,West San Jose,3/17/2020,06:00 - 09:00,,重要的厕纸、厨房纸、wipes都有但每样限2件,开门15-20mins内拿完,,3,2,辣椒V兔,Westgate Target目前并没有改时间，最好打电话确认下.每天都有货，但是重要商品最好还是一大早买,3/17/2020 12:27:15,,0
326,Lion Market,Newak,3/16/2020,18:00 - 21:00,,蔬菜，水果，冰冻食品，螺狮粉,,大米,2,4,,,3/17/2020 12:07:54,,1
327,Marukai Market,Cupertino,3/16/2020,15:00 - 18:00,,"Fruits, vegetables, meats",,"Instant noodles, pasta",3,3,,,3/17/2020 11:32:34,,1
328,Safeway,Sunnyvale,3/17/2020,06:00 - 09:00,94086,饮料 麦片 水果 香肠 培根 雪糕,,鸡蛋/肉/面包/纸,3,2,frog, 营业时间从5am-12pm改成6am-10pm,3/17/2020 10:31:18,,0
329,Safeway,Santa Clara,3/17/2020,15:00 - 18:00,95051,少量牛奶，鸡蛋，肉，零食面包等,,厕纸/大部分肉类,4,2,,,3/17/2020 3:34:06,,0
330,Whole Foods,Santa Clara,3/16/2020,12:00 - 15:00,,meat,quite empty,milk,4,2,,,3/17/2020 3:14:18,,1
331,99 Ranch (大华),Foster City,3/15/2020,12:00 - 15:00,,米面油 较少的水 各种蔬果蔬菜 ,,,4,2,chihiro,,3/17/2020 3:10:45,,2
332,Whole Foods,Santa Clara,3/15/2020,15:00 - 18:00,95054,少量肉，少量面包，水果，蔬菜,,意面/牛奶/鸡蛋/麦片,2,2,,,3/17/2020 1:39:37,,2
333,Whole Foods,Cupertino,3/16/2020,21:00 - 00:00,,蔬菜，鱼，肉，蛋，奶,,,1,2,,,3/17/2020 1:25:55,,1
334,99 Ranch (大华),West San Jose,3/16/2020,18:00 - 21:00,95129,青菜，水果，零食，调料，鱼，海鲜，部分熟食，冷冻食品,,各种肉类/大米/牛奶,2,3,,,3/17/2020 0:16:50,,1
335,Costco,Santa Clara,3/15/2020,12:00 - 15:00,,鸡蛋，纯净水，牛奶，水果蔬菜都全,充足,厕纸/厨房纸,2,2,,,3/17/2020 0:13:03,,2
336,Whole Foods,Santa Clara,3/16/2020,18:00 - 21:00,,零食 芝士 酸奶 蛋糕 水果 调料 洗碗液 洗衣液 ,很多,鸡蛋/牛奶/肉类,3,2,,,3/17/2020 0:06:09,,1
337,Hankook,Sunnyvale,3/16/2020,12:00 - 15:00,94085,方便肉 肉 蔬菜,,,3,2,,,3/16/2020 22:17:27,,0
338,99 Ranch (大华),Fremont,3/16/2020,09:00 - 12:00,94555,少量蔬菜，方便面，肉。充足海鲜,,鸡蛋，大米,4,4,,,3/16/2020 22:16:52,,0
339,Nob Hill,Redwood Shore,3/16/2020,12:00 - 15:00,,蔬菜，水果,,鸡蛋/牛奶/面包,4,1,,,3/16/2020 21:43:48,,0
340,Greenleaf ,Santa Cruz,3/16/2020,15:00 - 18:00,,菜，水果，牛奶，酸奶，矿泉水,充足,,1,1,,,3/16/2020 21:20:22,,0
341,99 Ranch (大华),Foster City,3/16/2020,15:00 - 18:00,,蔬菜,,肉和面比较少,5,3,soberup,,3/16/2020 20:45:24,,0
342,Whole Foods,South San Jose,3/16/2020,12:00 - 15:00,95118,"Milk, Cheese, orange",few bread and orange juice available.,Potato/ Onions / Frozen food/ eggs/ flours/soup,5,3,ZZ,,3/16/2020 20:41:58,,0
343,Whole Foods,Santa Clara,3/16/2020,09:00 - 12:00,,水，牛肉，洗手液，少量牛奶酸奶，大量蔬菜水果,冷冻食品区域比较空，鸡肉也快卖完了,,2,3,,,3/16/2020 20:29:00,,0
344,99 Ranch (大华),Cupertino,3/16/2020,15:00 - 18:00,95014,大米，方便面，螺蛳粉，少量肉，不定时补货,进门得排队,牛肉，鸡蛋，牛奶，蔬菜基本上没有,5,4,烤肉,手套率50%，口罩率80%,3/16/2020 19:47:31,,0
345,Costco,Santa Clara,3/16/2020,12:00 - 15:00,,水/米/面/牛奶/鸡蛋/牛肉/羊排,肉比较少  水还算充足 水米蛋牛奶限购一个,纸/消毒用品/猪肉/鸡肉,4,2,mike93star,,3/16/2020 18:52:02,,0
346,Hankook,Sunnyvale,3/16/2020,15:00 - 18:00,,蔬菜/肉/泡面,基本都有货,鸡蛋/牛奶,5,3,小李,排队超过半个小时 绕货架两圈的那种,3/16/2020 18:43:40,,0
347,99 Ranch (大华),Milpitas,3/16/2020,12:00 - 15:00,,蔬菜/水果/冷冻/牛奶/鸡蛋/,,肉类,4,3,,,3/16/2020 18:32:12,,0
348,99 Ranch (大华),Mountain View,3/16/2020,15:00 - 18:00,,蔬菜/豆腐/水果/青菜,,,5,4,,,3/16/2020 18:02:59,,0
349,99 Ranch (大华),North San Jose,3/16/2020,12:00 - 15:00,95131,速冻食品/绿叶菜/方便食品,肉类选择很少,洋葱,4,4,,,3/16/2020 17:54:00,,0
350,Whole Foods,Cupertino,3/15/2020,15:00 - 18:00,,牛奶／鸡蛋／面包／肉类／蔬菜／水,大部分的必需品都还有，你至少不会空手而归。牛奶，鸡蛋有些少。,厕纸／洗手液,3,2,tentenymy1201,,3/16/2020 17:39:38,,1
351,me-kong,Milpitas,3/16/2020,12:00 - 15:00,,泡面/鸡蛋/牛奶/蔬菜/水果,,,4,3,,,3/16/2020 17:30:40,,0
352,Safeway,Milpitas,3/16/2020,12:00 - 15:00,,冰淇淋/罐头/糖,,牛奶/,4,1,Monica Sun,,3/16/2020 17:28:04,,0
353,H Mart,North San Jose,3/15/2020,21:00 - 00:00,,水果 蔬菜 肉 海鲜,大量水果 很少量蔬菜 肉类,鸡蛋 火锅肉,3,4,,,3/16/2020 16:21:56,,1
354,99 Ranch (大华),Cupertino,3/16/2020,09:00 - 12:00,,veggie/fruits/meat/rice,"stock OK. not many people, >80% wearing mask",,2,4,Qian,,3/16/2020 16:11:24,,0
355,99 Ranch (大华),Mountain View,3/16/2020,09:00 - 12:00,,基本都有，品种少,,速冻食品存货很少,2,4,,,3/16/2020 14:28:09,,0
356,Safeway,Sunnyvale,3/16/2020,09:00 - 12:00,,基本都有，肉的选择很少，没有鸡蛋,,鸡蛋,1,1,,,3/16/2020 14:26:47,,0
357,Trader Joe,Sunnyvale,3/16/2020,09:00 - 12:00,94087,鸡蛋/牛奶/水果蔬菜,速冻食品比较空,,5,2,,,3/16/2020 14:25:45,,0
358,Costco,Redwood City,3/16/2020,09:00 - 12:00,,矿泉水/牛奶/鸡蛋/蔬果/肉/很全,above average,厕纸/酒精/免洗手液,4,2,simon,,3/16/2020 13:35:53,,0
359,Amazon,Online,3/14/2020,18:00 - 21:00,,Charmin Ultra Strong Toilet Paper,间歇有货,,,,,,3/16/2020 12:32:48,,2
360,Whole Foods,Online,3/16/2020,00:00 - 03:00,,基本都有,,,,,,amazon上购买的whole foods送货两天可以到,3/16/2020 4:16:30,,0
361,Whole Foods,Mountain View,3/14/2020,15:00 - 18:00,,蔬菜水果,,手纸，散装粮食。罐头，冷冻食品稀少,4,3,,,3/16/2020 1:38:29,,2
362,99 Ranch (大华),Mountain View,3/15/2020,09:00 - 12:00,,基本都有,大米有少量大袋装,冷冻饺子（有少量煎饺）,3,3,光荣的红领巾,,3/16/2020 1:33:21,,1
363,Safeway,Mountain View,3/15/2020,06:00 - 09:00,,厨房用纸,限购之后大概够不到二十个人拿，晚点估计就没有了,大米,2,1,光荣的红领巾,,3/16/2020 1:31:20,,1
364,99 Ranch (大华),Newark,3/14/2020,12:00 - 15:00,,除速冻饺子外绝大部分商品充足,,速冻饺子,5,5,haobaobao34,,3/16/2020 0:33:11,,2
365,99 Ranch (大华),North San Jose,3/15/2020,15:00 - 18:00,95131,红壳鸡蛋18个Large size只卖1.99,多,,1,4,希希,,3/16/2020 0:29:00,,1
366,99 Ranch (大华),Milpitas,3/15/2020,18:00 - 21:00,95134,牛肉/鸡翅/各类青菜/蔬菜,货架基本满着，肉有，但种类较少,,1,2,小心地滑,,3/16/2020 0:05:29,,1
367,Safeway,Sunnyvale,3/15/2020,18:00 - 21:00,94087,各种必需品齐备，除去toilet paper / mask / sanitizer之外,,toilet paper / mask / sanitizer,3,2,yinshuang15,,3/15/2020 23:34:27,,0
368,Sprout,Sunnyvale,3/15/2020,15:00 - 18:00,94087,少量鸡肉，其他正常,,牛奶/鸡蛋,2,1,烤肉,,3/15/2020 23:17:24,,0
369,Trader Joe,West San Jose,3/15/2020,12:00 - 15:00,95129,牛奶/cheese/蔬菜/鱼,,肉/鸡蛋,2,2,,,3/15/2020 23:03:56,,0
370,99 Ranch (大华),Cupertino,3/15/2020,12:00 - 15:00,,基本米面速冻水饺少量库存/蔬菜水果肉类正常库存,,,3,3,yiburuo,,3/15/2020 23:03:43,,0
371,Whole Foods,Santa Clara,3/15/2020,09:00 - 12:00,95054,部分脱脂奶/黄油/蔬菜/水果,,各类小麦面粉/糖/非脱脂牛奶/豆腐/冷冻披萨,3,2,,,3/15/2020 23:03:29,,0
372,H Mart,North San Jose,3/15/2020,18:00 - 21:00,95131,牛奶/米/零食,因为是傍晚，库存较少,鸡蛋,3,3,,,3/15/2020 23:01:44,,0
373,Lion Market,North San Jose,3/15/2020,18:00 - 21:00,,菜米肉,,挂面，牛奶和蛋较少,1,2,waterflowup,肉柜台收摊变早了,3/15/2020 22:53:04,,0
374,Target,Sunnyvale,3/14/2020,21:00 - 00:00,,牛奶,,,1,1,,,3/15/2020 22:32:38,,1
375,Costco,Foster City,3/15/2020,09:00 - 12:00,,除了手纸其余都有,,,1,2,dweizhao,,3/15/2020 20:13:57,,0
376,Costco,Sunnyvale,3/15/2020,12:00 - 15:00,,面/水/肉,,卫生纸/消毒液/午餐肉罐头之类的,2,2,,,3/15/2020 20:11:38,,0
377,Costco,North San Jose,3/15/2020,15:00 - 18:00,95101,鸡蛋，限一人一盒24个 / 牛奶，限一人一份,各种Tissue和洗手液都没有,,3,2,Hiker,,3/15/2020 20:11:31,,0
378,Walmart,Santa Clara,3/15/2020,15:00 - 18:00,95051,面包/牛奶/蔬菜/水果,以上都还有不少,肉,1,2,小狼,,3/15/2020 20:04:31,,0
379,99 Ranch (大华),Cupertino,3/15/2020,12:00 - 15:00,,货品充足，米有锦米,,,2,2,,,3/15/2020 20:04:24,,0
380,Hankook,Sunnyvale,3/15/2020,12:00 - 15:00,,货品基本都充足,,,2,2,,,3/15/2020 20:02:40,,0
381,Hankook,Sunnyvale,3/15/2020,09:00 - 12:00,94087,肉/罐装食品/米/面,肉库存比正常少/罐头充足/其他充足,,2,3,Nutcoco,,3/15/2020 19:43:58,,0
382,Trader Joe,Sunnyvale,3/15/2020,09:00 - 12:00,94087,肉/牛奶/蔬菜/水果/速冻食品/意面,意面少量/其他充足,,2,1,Nutcoco,,3/15/2020 19:39:15,,0
383,,,,,,,,,,,,,,,0
384,,,,,,,,,,,,,,,0
385,,,,,,,,,,,,,,,0
386,,,,,,,,,,,,,,,0
387,,,,,,,,,,,,,,,0
388,,,,,,,,,,,,,,,0
389,,,,,,,,,,,,,,,0
390,,,,,,,,,,,,,,,0
391,,,,,,,,,,,,,,,0
392,,,,,,,,,,,,,,,0
393,,,,,,,,,,,,,,,0
394,,,,,,,,,,,,,,,0
395,,,,,,,,,,,,,,,0
396,,,,,,,,,,,,,,,0
397,,,,,,,,,,,,,,,0
398,,,,,,,,,,,,,,,0
399,,,,,,,,,,,,,,,0
400,,,,,,,,,,,,,,,0
401,,,,,,,,,,,,,,,0
402,,,,,,,,,,,,,,,0
403,,,,,,,,,,,,,,,0
404,,,,,,,,,,,,,,,0
405,,,,,,,,,,,,,,,0
406,,,,,,,,,,,,,,,0
407,,,,,,,,,,,,,,,0
408,,,,,,,,,,,,,,,0
409,,,,,,,,,,,,,,,0
410,,,,,,,,,,,,,,,0
411,,,,,,,,,,,,,,,0
412,,,,,,,,,,,,,,,0
413,,,,,,,,,,,,,,,0
414,,,,,,,,,,,,,,,0
415,,,,,,,,,,,,,,,0
416,,,,,,,,,,,,,,,0
417,,,,,,,,,,,,,,,0
418,,,,,,,,,,,,,,,0
419,,,,,,,,,,,,,,,0
420,,,,,,,,,,,,,,,0
421,,,,,,,,,,,,,,,0
422,,,,,,,,,,,,,,,0
423,,,,,,,,,,,,,,,0
424,,,,,,,,,,,,,,,0
425,,,,,,,,,,,,,,,0
426,,,,,,,,,,,,,,,0
427,,,,,,,,,,,,,,,0
428,,,,,,,,,,,,,,,0
429,,,,,,,,,,,,,,,0
430,,,,,,,,,,,,,,,0
431,,,,,,,,,,,,,,,0
432,,,,,,,,,,,,,,,0
433,,,,,,,,,,,,,,,0
434,,,,,,,,,,,,,,,0
435,,,,,,,,,,,,,,,0
436,,,,,,,,,,,,,,,0
437,,,,,,,,,,,,,,,0
438,,,,,,,,,,,,,,,0
439,,,,,,,,,,,,,,,0
440,,,,,,,,,,,,,,,0
441,,,,,,,,,,,,,,,0
442,,,,,,,,,,,,,,,0
443,,,,,,,,,,,,,,,0
444,,,,,,,,,,,,,,,0
445,,,,,,,,,,,,,,,0
446,,,,,,,,,,,,,,,0
447,,,,,,,,,,,,,,,0
448,,,,,,,,,,,,,,,0
449,,,,,,,,,,,,,,,0
450,,,,,,,,,,,,,,,0
451,,,,,,,,,,,,,,,0
452,,,,,,,,,,,,,,,0
453,,,,,,,,,,,,,,,0
454,,,,,,,,,,,,,,,0
455,,,,,,,,,,,,,,,0
456,,,,,,,,,,,,,,,0
457,,,,,,,,,,,,,,,0
458,,,,,,,,,,,,,,,0
459,,,,,,,,,,,,,,,0
460,,,,,,,,,,,,,,,0
461,,,,,,,,,,,,,,,0
462,,,,,,,,,,,,,,,0
463,,,,,,,,,,,,,,,0
464,,,,,,,,,,,,,,,0
465,,,,,,,,,,,,,,,0
466,,,,,,,,,,,,,,,0
467,,,,,,,,,,,,,,,0
468,,,,,,,,,,,,,,,0
469,,,,,,,,,,,,,,,0
470,,,,,,,,,,,,,,,0
471,,,,,,,,,,,,,,,0
472,,,,,,,,,,,,,,,0
473,,,,,,,,,,,,,,,0
474,,,,,,,,,,,,,,,0
475,,,,,,,,,,,,,,,0
476,,,,,,,,,,,,,,,0
477,,,,,,,,,,,,,,,0
478,,,,,,,,,,,,,,,0
479,,,,,,,,,,,,,,,0
480,,,,,,,,,,,,,,,0
481,,,,,,,,,,,,,,,0
482,,,,,,,,,,,,,,,0
